brand,pm_summary
Anker,"Anker has an average rating of 4.23 across 178 reviews. Its strongest feature is anc, while the most common customer complaint is sound. Improving sound could significantly enhance customer satisfaction."
Audio-Technica,"Audio-Technica has an average rating of 4.54 across 308 reviews. Its strongest feature is battery, while the most common customer complaint is comfort. Improving comfort could significantly enhance customer satisfaction."
Bose,"Bose has an average rating of 3.71 across 322 reviews. Its strongest feature is sound, while the most common customer complaint is comfort. Improving comfort could significantly enhance customer satisfaction."
JVC,"JVC has an average rating of 3.8 across 123 reviews. Its strongest feature is anc, while the most common customer complaint is comfort. Improving comfort could significantly enhance customer satisfaction."
LG,"LG has an average rating of 3.73 across 139 reviews. Its strongest feature is price, while the most common customer complaint is comfort. Improving comfort could significantly enhance customer satisfaction."
Sennheiser,"Sennheiser has an average rating of 4.36 across 227 reviews. Its strongest feature is anc, while the most common customer complaint is comfort. Improving comfort could significantly enhance customer satisfaction."
Skullcandy,"Skullcandy has an average rating of 3.51 across 362 reviews. Its strongest feature is microphone, while the most common customer complaint is build. Improving build could significantly enhance customer satisfaction."
Sony,"Sony has an average rating of 3.89 across 938 reviews. Its strongest feature is battery, while the most common customer complaint is sound. Improving sound could significantly enhance customer satisfaction."
SoundPEATS,"SoundPEATS has an average rating of 3.72 across 172 reviews. Its strongest feature is price, while the most common customer complaint is comfort. Improving comfort could significantly enhance customer satisfaction."
Soundcore,"Soundcore has an average rating of 3.97 across 132 reviews. Its strongest feature is sound, while the most common customer complaint is comfort. Improving comfort could significantly enhance customer satisfaction."
